Wing name,Genotype,Intervein area_1,Intervein area_2,Intervein area_3,Intervein area_4,Intervein area_5,Intervein area_6,Intervein area_7,Intervein area_8,Intervein area_9,Intervein area_10,Trichome density Intervein_1,Trichome density Intervein_2,Trichome density Intervein_3,Trichome density Intervein_4,Trichome density Intervein_5,Trichome density Intervein_6,Trichome density Intervein_7,Trichome density Intervein_8,Trichome density Intervein_9,Trichome density Intervein_10,Wing area,Total Trichome density,AP axis,PD axis,d(L3-L4)
57151_1_rotated,2,28566,47961,4347,53976,16945,50617,62103,0,0,0,852,1542,140,1739,543,1639,2057,0,0,0,298129,0.0321796495472847,432.455778086037,753.562372999077,101.769347054995
57151_2_rotated,2,27318,47967,4242,53934,17282,50239,62043,0,0,0,850,1607,144,1743,568,1682,2110,0,0,0,297991,0.0330919114152647,430,764.597279618493,102.415819090607
57151_3_rotated,2,26443,47901,4106,53624,17078,48312,60762,0,0,0,808,1536,140,1726,539,1616,2034,0,0,0,290195,0.0325257719981721,427.948595043844,754.886249709186,97.4935895328508
57151_4_rotated,3,27071,48853,0,0,17357,47331,61015,57177,0,0,808,1592,0,0,581,1645,2100,1900,0,0,290035,0.0333302421910017,0,0,0
57151_5_rotated,3,29419,49644,5097,56130,19048,50257,65865,0,0,0,857,1610,167,1787,618,1668,2163,0,0,0,310152,0.0322006824947361,436.591342103803,778.738242286842,95.3414914924242
57151_6_rotated,3,26723,49167,0,0,18209,52161,62396,58661,0,0,797,1582,0,0,585,1714,2140,1954,0,0,300492,0.0328054002505656,0,0,0
57151_7_rotated,4,28604,48918,4317,56146,18220,45489,60252,0,0,0,876,1569,140,1800,570,1460,2009,0,0,0,295885,0.0321593000083987,430.726131085635,761.137306929571,101.074230147946
57151_8_rotated,4,24452,51950,3781,56231,0,240,0,0,0,133029,711,1669,113,1822,0,3,0,0,0,4490,304871,0.0326605681485299,0,0,0
57151_9_rotated,4,28398,48589,4247,53731,16634,52370,60319,0,0,0,851,1599,142,1711,545,1735,2055,0,0,0,297868,0.0326840416515317,422.493786936565,758.082614231457,94.4298681562142
