Wing name,Genotype,Intervein area_1,Intervein area_2,Intervein area_3,Intervein area_4,Intervein area_5,Intervein area_6,Intervein area_7,Intervein area_8,Intervein area_9,Intervein area_10,Intervein trichome count_1,Intervein trichome count_2,Intervein trichome count_3,Intervein trichome count_4,Intervein trichome count_5,Intervein trichome count_6,Intervein trichome count_7,Intervein trichome count_8,Intervein trichome count_9,Intervein trichome count_10,Total wing area,Total trichome density,AP axis,PD axis,d(L3-L4)
P1_Wing_1,1,0.160012,0.306988,0.02088,0.342048,0.097776,0.340792,0.402028,0,0,0,949,2058,155,2303,658,2383,2812,0,0,0,1.856112,6775.11966305183,1.06883487967038,1.92507662185171,0.243022632690867
P1_Wing_2,1,0.162992,0.32508,0.023816,0.3427,0.103736,0.359284,0.401524,0,0,0,1054,2262,176,2303,667,2479,2841,0,0,0,1.911084,6853.45860585458,1.0912378292563,1.93601652885506,0.237697286480094
P1_Wing_3,1,0.143036,0.280928,0.02012,0.310732,0.0867,0.351816,0.401936,0,0,0,857,1900,136,2088,556,2412,2716,0,0,0,1.835936,6685.3970618103,1.09004587059444,1.93034323372814,0.23007824755939
P3_Wing_1,2,0.138928,0.312348,0.020416,0.339424,0.095348,0.330428,0.404184,0,0,0,802,2059,152,2190,583,2242,2805,0,0,0,1.878176,6601.15680200064,1.07071938433933,1.92896474825228,0.244131112314674
P3_Wing_2,2,0.164388,0.352508,0.024724,0.365592,0.107724,0.363208,0,0,0,0,1001,2330,166,2428,703,2509,0,0,0,0,2.015576,6737.51278639862,0,0,0
P3_Wing_3,2,0.16044,0.313488,0.025836,0.331712,0.103156,0.339004,0.398948,0,0,0,983,2069,193,2235,673,2442,2801,0,0,0,1.872188,6813.40967030654,1.08418817554888,1.91412669382149,0.233460917500125
P2_Wing_1,3,0.160384,0.313484,0.025884,0.331712,0.103216,0.339004,0.398984,0,0,0,983,2069,193,2235,673,2442,2801,0,0,0,1.87308,6813.06750652251,1.08418817554888,1.91412669382149,0.233460917500125
P2_Wing_2,3,0.140456,0.329392,0.021252,0,0.10332,0,0,0,0,0.764104,859,2265,133,0,673,0,0,0,0,5343,1.864172,6827.33068851154,0,0,0
P2_Wing_3,3,0.19352,0.371196,0.029344,0,0.116648,0.371096,0.439316,0,0,0,1133,2333,205,0,736,2478,3004,0,0,0,2.108372,6476.0828240383,0,0,0
